Name;Straße;Hausnummer;Postleitzahl;Ort;Bemerkung;x;y
Oldenburgisches Staatstheater;Theaterwall;19;26122;Oldenburg;"Anzahl der AEDs: 2<br/><br/>Ein Defibrillator befindet sich im Vorderhaus. Dieser ist aber für betriebsfremde Personen
nur erreichbar, wenn das Haus geöffnet ist. Das heißt, wenn die Kasse geöffnet hat bzw. 
Vorstellungsbetrieb ist.<br/><br/>Der zweite Defibrillator befindet sich im Hinterhaus. Auch dieser ist nur zugänglich, wenn 
die Pforte besetzt ist bzw. für Personen, die eine Zugangsberechtigung für das Gebäude mittels Transponder haben.
";447156,1043;5888044,002
Oldenburger Turnerbund (OTB);Haareneschstraße;64;26121;Oldenburg;Der AED ist in der Regel erreichbar von:<br/>Er ist zugänglich, wenn in der Halle Schul- oder Vereinssport stattfindet.<br/>Außerhalb der Schulferien in der Regel montags bis freitags von 8 bis 22 Uhr, an Wochenenden abhängig von der Belegung.<br/><br/>Standort:<br/>Regieraum 2;446247,2535;5888678,651
Öffentliche Versicherungen Oldenburg;Staugraben;11;26122;Oldenburg;Der AED ist in der Regel erreichbar von:<br/>Mo - Do: 08:00 - 16:30 Uhr und<br/>Fr: 08:00 - 15:30 Uhr<br/><br/>Standort: Empfang;447533,7158;5888477,044
Verwaltungsgericht - Nebenstelle;Kasinoplatz;1;26122;Oldenburg;Der AED ist in der Regel erreichbar von:<br/>Mo. bis Do.: 8:00 - 15:30 Uhr<br/>Fr.: 8:00 - 12:00 Uhr<br/><br/>Standort: Zimmer 6;447424,1104;5887899,374
Agentur für Arbeit Oldenburg-Wilhelmshaven;Stau;70;26122;Oldenburg;Der AED ist in der Regel erreichbar von:<br/>Montag bis Donnerstag: 8 bis 18 Uhr<br/>Freitag: 8 bis 14 Uhr<br/><br/>Standort: Haupteingang/Foyer;448118,9251;5888212,603
Zahnarztpraxis Dr. Ulrike Stüben;Hauptstraße;111;26131;Oldenburg;Der AED ist in der Regel erreichbar von:<br/>Mo-Fr: 7:30 bis 12:15 Uhr<br/>Mo,  Di,  Do: 14:30 bis 18:15 Uhr<br/>Mi: 14:30 bis 16.00 Uhr;445691,8971;5887433,712
Öffentliche Versicherungen Oldenburg;Moslestraße;1;26122;Oldenburg;Hinweis:<br/>Der AED ist nicht frei zugänglich.<br/>Personen, die den AED benötigen, müssen klingeln.<br/><br/>In der Regel sind die Mitarbeiter erreichbar von:<br/>Mo. - Do.: 08:00 - 16:30 Uhr und Fr.: 08:00 - 15:30 Uhr;447544,5027;5888568,941
Schlosshöfe (Erdgeschoss);Schloßplatz;3;26122;Oldenburg;Der AED ist in der Regel erreichbar von:<br/>Mo. - Sa.: 8:00 - 21:00 Uhr<br/><br/>Standort: Erdgeschoss, neben dem Shop immergrün in der Foodzone;447558,3992;5887962,579
Bildungswerk der Niedersächsischen Wirtschaft gemeinnützige GmbH (BNW);Ankerstraße;21;26122;Oldenburg;Standort:<br/>Eingang Güterstraße, EG Raum E09<br/><br/>Der AED ist in der Regel erreichbar:<br/>Mo. bis Do. von 08:00 bis 16:00 Uhr und Fr. von 08:00 bis 13:00 Uhr;448118,5636;5888368,917
Bürgerfelder Turnerbund;Alexanderstraße;207;26121;Oldenburg;Der AED ist in der Regel erreichbar von:<br/>Mo. - Fr.: 8 -21 Uhr sowie<br/>am Wochenende von 9 - 18 Uhr,<br/>abhängig von Veranstaltungen, Spieltagen,usw. ist oftmals länger geöffnet<br/><br/>Standort: neben dem Treppenaufgang;446882,2134;5890477,632
Deutsche Rentenversicherung;Huntestraße;11;26122;Oldenburg;Der AED ist möglicherweise nur während der Betriebs-Öffnungszeiten für Externe erreichbar. ;447756,9809;5887890,341
EWE Tel GmbH;Cloppenburger Straße;310;26133;Oldenburg;Der AED ist in der Regel erreichbar von:<br/>Mo. - Do.: 7:00 - 17:00 Uhr und<br/>Fr.: 7:00 - 16:00 Uhr;447068,8479;5884869,913
Finanzamt für Fahndung und Strafsachen;Alter Postweg;13;26133;Oldenburg;Das Finanzamt für Fahndung und Strafsachen Oldenburg ist nicht öffentlich frei zugänglich.<br/>Ein Einlass wird nur nach Kontaktaufnahme , außer am Wochenende, über eine Gegensprechanlage gewährt.;447135,6184;5884505,221
Johanniter-Unfall-Hilfe e. V.;Alte Fleiwa;2a;26121;Oldenburg;Der AED ist in der Regel durchgängig erreichbar.<br/><br/>Standort: Eingang Rettungswache;446324,9607;5889131,917
Leffers GmbH & Co. KG;Lange Straße;80;26122;Oldenburg;Der AED ist in der Regel erreichbar von:<br/>Mo. - Sa.: 10:00 - 19:00 Uhr<br/><br/>Standort: Hauptkasse im Erdgeschoss;447353,4244;5888332,963
Liebfrauenschule;Auguststraße;31;26121;Oldenburg;Der AED ist außerhalb der Schulferien erreichbar von:<br/>Mo. - Fr.: 06:30 - 17:00 Uhr<br/><br/>Standort: Flur neben Lehrerzimmer;446731,7246;5888577,539
LUFA Nord-West;Jägerstraße;23-27;26121;Oldenburg;Der AED ist möglicherweise nur während der Betriebs-Öffnungszeiten für Externe erreichbar.;446317,6131;5889345,31
Oberkirchenrat der Evangelisch-Lutherischen Kirche;Philosophenweg;1;26121;Oldenburg;Der AED ist in der Regel erreichbar von:<br/>Mo. - Do.: 8:00 - 16:00 Uhr<br/>Fr.: 8:00 - 13:00 Uhr<br/><br/>Standort: Erdgeschoss, Raum 218;446393,0691;5888650,049
Oldenburger Tennisverein von 1905 e. V.;Johann-Justus-Weg;101;26127;Oldenburg;Der AED ist in der Regel erreichbar von:<br/>Mo. - Fr.: 10:30 - 23:00 Uhr<br/>Am Wochenende in Verbindung mit den Punktspielen und der Öffnungszeit der Gastronomie.<br/><br/>Es gibt eine Zutrittskontrolle.<br/><br/>Standort: Eingangsbereich;445273,5261;5890205,028
Stadt Oldenburg, Fachstelle Eingliederungshilfe, ASD Team Mitte/Ost;Europaplatz;10-12;26123;Oldenburg;Der AED ist möglicherweise nur während der Betriebs-Öffnungszeiten für Externe erreichbar.<br/><br/>Standort:<br/>EG neben Eingangstür zu den Fachdiensten der Stadt Oldenburg;448269,0338;5888964,572
Johanniter-Unfall-Hilfe e. V.;Bloherfelder Straße;175;26129;Oldenburg;Der AED ist in der Regel erreichbar von:<br/>Mo. - Fr. 08:00 - 20:00;444107,7881;5888322,478
OLantis;Am Schloßgarten;15;26122;Oldenburg;Anzahl der AEDs: 4<br/><br/>Die AEDs sind für Externe nur über das Personal und zu den Betriebsöffnungszeiten zu erreichen.<br/><br/>Standorte:<br/>OLantis Erste-Hilfe Raum<br/>OLantis Saunawelt<br/>OLantis Freibad Erste-Hilfe Container<br/>OLantis Reha-Raum;447069,471;5887122,357
LzO-Filiale Berliner Platz;Berliner Platz;1;26123;Oldenburg;Der AED ist in der Regel erreichbar von:<br/>täglich von 06:00 - 23:00 Uhr<br/><br/>Standort: Foyer;448230,3861;5888704,543
Rose 12 - Fachstelle für Sucht und Suchtprävention;Alexanderstraße;17;26121;Oldenburg;Der AED ist möglicherweise nur während der Betriebs-Öffnungszeiten für Externe erreichbar.;447421,7146;5889158,893
LzO-Filiale Schlossplatz;Schlossplatz;8;26122;Oldenburg;Der AED ist in der Regel erreichbar von:<br/>täglich von 06:00 - 23:00 Uhr<br/><br/>Standort: Foyer;447541,5857;5887947,264
LzO-Filiale Julius-Mosen-Platz;Julius-Mosen-Platz;4;26122;Oldenburg;Der AED ist in der Regel erreichbar von:<br/>täglich von 06:00 - 23:00 Uhr<br/><br/>Standort: Foyer;447104,3255;5888279,023
LzO-Filiale Lange Straße;Lange Straße;11;26122;Oldenburg;Der AED ist in der Regel erreichbar von:<br/>täglich von 06:00 - 23:00 Uhr<br/><br/>Standort: Foyer;447401,9524;5888394,788
LzO-Filiale Eversten;Hauptstraße;27;26122;Oldenburg;Der AED ist in der Regel erreichbar von:<br/>täglich von 06:00 - 23:00 Uhr<br/><br/>Standort: Foyer;446428,7014;5887385,365
LzO-Filiale Bloherfelde;Bloherfelder Straße;129;26129;Oldenburg;Der AED ist in der Regel erreichbar von:<br/>täglich von 06:00 - 23:00 Uhr<br/><br/>Standort: Foyer;444621,8731;5888290,393
LzO-Filiale Haarentor;Ofener Straße;38;26123;Oldenburg;Der AED ist in der Regel erreichbar von:<br/>täglich von 06:00 - 23:00 Uhr<br/><br/>Standort: Foyer;446175,2519;5888469,607
LzO-Filiale Kreyenbrück;Cloppenburgerstraße;304;26133;Oldenburg;Der AED ist in der Regel erreichbar von:<br/>täglich von 06:00 - 23:00 Uhr<br/><br/>Standort: Foyer;447100,276;5884941,426
LzO-Filiale Bümmerstede;Bümmersteder Tredde;41;26133;Oldenburg;Der AED ist in der Regel erreichbar von:<br/>täglich von 06:00 - 23:00 Uhr<br/><br/>Standort: Foyer;447567,8032;5882943,73
LzO-Filiale Osternburg;Bremer Straße;21;26135;Oldenburg;Der AED ist in der Regel erreichbar von:<br/>täglich von 06:00 - 23:00 Uhr<br/><br/>Standort: Foyer;447980,1058;5887240,326
LzO-Filiale Krusenbusch ;Tweelbäker Tredde;2;26135;Oldenburg;Der AED ist in der Regel erreichbar von:<br/>täglich von 06:00 - 23:00 Uhr<br/><br/>Standort: Foyer;449314,9268;5883435,608
LzO-Filiale Ofenerdiek;Ofenerdieker Straße;2;26125;Oldenburg;Der AED ist in der Regel erreichbar von:<br/>täglich von 06:00 - 23:00 Uhr<br/><br/>Standort: Foyer;446718,4675;5893216,373
LzO-Filiale Alexanderstraße;Alexanderstraße;124;26127;Oldenburg;Der AED ist in der Regel erreichbar von:<br/>täglich von 06:00 - 23:00 Uhr<br/><br/>Standort: Foyer;447154,5765;5889985,445
LzO-Filiale Nadorster Straße;Nadorster Straße;101;26123;Oldenburg;Der AED ist in der Regel erreichbar von:<br/>täglich von 06:00 - 23:00 Uhr<br/><br/>Standort: Foyer;447748,1755;5889654,854
LzO-Filiale Ohmstede;Großer Kuhlenweg;36;26125;Oldenburg;Der AED ist in der Regel erreichbar von:<br/>täglich von 06:00 - 23:00 Uhr<br/><br/>Standort: Foyer;449316,3236;5890400,089
LzO-Filiale Eßkamp;Nadorster Straße;313;26125;Oldenburg;Der AED ist in der Regel erreichbar von:<br/>täglich von 06:00 - 23:00 Uhr<br/><br/>Standort: Foyer;448448,921;5891380,608
PERI Vertrieb Deutschland GmbH & Co. KG<br/>VIB Vertriebs- und Ingenieurbüro Oldenburg;Schlagbaumweg;29;26131;Oldenburg;Der AED ist in der Regel erreichbar von:<br/>Mo. - Do.: 8:00 bis 17.00 Uhr und<br/>Fr.: 8:00 bis 15:00 Uhr<br/><br/>Hinweis: Der AED befindet sich im Hochparterre eines kombinierten Büro- und Wohnhauses.;445531,3404;5885320,875
Oldenburgische Industrie- und Handelskammer ;Moslestraße;6;26122;Oldenburg;Der AED ist möglicherweise nur während der Betriebs-Öffnungszeiten für Externe erreichbar.;447562,969;5888526,841
KDO;Elsässer Straße;66;26121;Oldenburg;Der AED ist in der Regel erreichbar von:<br/>Mo. - Do.: 08:00 - 16:30 Uhr<br/>Fr.: 08:00 - 12:30 Uhr;446556,6315;5889435,483
Oberlandesgericht Oldenburg;Richard-Wagner-Platz;1;26135;Oldenburg;"Der AED ist in der Regel erreichbar von:<br/>Mo. - Do.: 8:00  - 15:30 Uhr
Fr. und an Tagen vor gesetzl. Feiertagen sowie am 23.12. und 30.12.:<br/>8:00 Uhr - 12:00 Uhr<br/><br/>Standort: Erdgeschoss Servicepoint";447466,4341;5887413,74
EWE AG;Cloppenburger Straße;302;26133;Oldenburg;Der AED ist in der Regel erreichbar von:<br/>Mo. - Fr.: 7:00 - 17:00 Uhr;447120,7211;5885017,172
EWE AG;Tirpitzstraße;39;26122;Oldenburg;Der AED ist in der Regel erreichbar von:<br/>Mo. - Do.: 7:00 - 19:00 Uhr und<br/>Fr.: 7:00 - 17:00 Uhr;446240,8732;5888069,365
Bahama-Sports Oldenburg-Nadorst;Kreyenstraße;41;26127;Oldenburg;Der AED ist in der Regel täglich erreichbar von 9 bis 18 Uhr.<br/><br/>Standort: Küchenbereich;447944,3857;5891075,21
Praxis für Nuklearmedizin Dr. Amro;Hauptstraße;85;26131;Oldenburg;Der AED ist in der Regel erreichbar von:<br/>Mo., Die. und Do.: 7:30 - 15:00 Uhr<br/>Mi.: 7:30 - 13:00 Uhr;445951,4528;5887369,586
Friedrich Ahlers GmbH;Wilhelmshavener Heerstraße;267;26125;Oldenburg;Der AED ist in der Regel erreichbar von:<br/>Mo. - Fr.: 8:00 - 17:00 Uhr<br/><br/>Standort:<br/>zwischen den beiden Ausstellungsräumen;448342,4276;5893466,68
Famila Einkaufsland Wechloy;Posthalterweg;10;26129;Oldenburg;Der AED ist nur während der Betriebs-Öffnungszeiten für Externe erreichbar.<br/><br/>Standort: Information;444858,2169;5890118,984
Dieter Meyer Consulting GmbH;Bürgerstraße;1;26123;Oldenburg;Der AED ist in der Regel erreichbar von:<br/>Mo - Fr: 8:00 - 17:00 Uhr<br/><br/>Standort: Empfangsbereich;448260,032;5889165,893
Zahnarztpraxis Noureddine & Hallak;Hundsmühler Straße;63;26131;Oldenburg;Der AED ist möglicherweise nur während der Betriebs-Öffnungszeiten für Externe erreichbar.;445831,7989;5886787,96
Johanniter, Betreutes Wohnen;Bremer Straße;57;26135;Oldenburg;Der AED ist möglicherweise nur während der Betriebs-Öffnungszeiten für Externe erreichbar.<br/>Die Zahnarztpraxis Claußen hat während der Praxiszeiten Zugriff darauf.<br/><br/>Standort: Gemeinschaftsraum;448211,1203;5887044,815
EWE AG, Verwaltungsgebäude;Donnerschweer Straße;22-26;26123;Oldenburg;Der AED ist in der Regel erreichbar von:<br/>Mo. - Do.: 8:00 - 17:00 Uhr und<br/>Fr. 8:00 - 15:30 Uhr;447648,3404;5888835,155
Büsing & Fasch GmbH & Co. KG;Stubbenweg;40;26125;Oldenburg;Der AED ist in der Regel erreichbar von:<br/>Mo. bis Fr. von 07:30 bis 16:30 Uhr<br/><br/>Standort:<br/>Erdgeschoss,Teeküche neben dem Empfang;448574,999;5892568,015
Dr. Kleihauer;Heiligengeisthöfe;12;26121;Oldenburg;Der AED ist möglicherweise nur während der Betriebs-Öffnungszeiten für Externe erreichbar.;447303,2985;5888633,546
Bäcker Bruno;Butjadinger Straße ;344;26125;Oldenburg;Dieser AED befindet sich im ehem. Bankschließfach und ist 24 Stunden erreichbar.<br/><br/>Eigentümer:<br/>Bürgerverein Etzhorn;449471,7602;5893344,979
GSG Oldenburg Bau- und Wohngesellschaft mbH;Straßburger Straße;8;26123;Oldenburg;Der AED ist in der Regel erreichbar von:<br/>Mo. - Mi.: 8:00 - 16:30 Uhr<br/>Do.: 8:00 - 17:00 Uhr<br/>Fr.: 8:00 - 13:00 Uhr;448157,2862;5888748,564
Hinrichs Flurfördergeräte GmbH & Co. KG;Fuldastraße;32;26135;Oldenburg;Der AED ist in der Regel erreichbar von:<br/>Mo. - Do. 07:30 - 17:00 Uhr<br/>Fr. 07:30 - 14:00 Uhr<br/><br/> Standort: Büroflur beim Kopierer;450812,431;5888873,832
Johanniter Mehrgenerationenhaus;Güstrower Weg;1a;26121;Oldenburg;Der AED ist in der Regel erreichbar von:<br/>Mo. - Fr.: 09.00 - 18:00 Uhr<br/><br/>Standort: allgemeines Treppenhaus;446951,5508;5890233,07
Schlosshöfe (Obergeschoss);Schloßplatz ;3;26122;Oldenburg;Der AED ist in der Regel erreichbar von:<br/>Mo. - Sa.: 8:00 - 21:00 Uhr<br/><br/>Standort: Obergeschoss, Bereich Kundentoiletten;447651,6043;5887969,442
Oldenburger Volksbank Filiale Ofenerdiek;Weißenmoorstraße;293;26125;Oldenburg;Der AED ist in der Regel ereichbar von: täglich von 6:00 Uhr bis 23:00 Uhr;446697,1651;5893166,094
Handwerkskammer - Berufsbildungszentrum;Schütte-Lanz-Straße;8-10;26135;Oldenburg;Der AED ist möglicherweise nur während der Betriebs-Öffnungszeiten für Externe erreichbar.;450592,719;5885331,733
BTC Business Technology Consulting AG;Escherweg;5;26121;Oldenburg;Der AED ist in der Regel erreichbar von:<br/>Mo. bis Fr.: 8.00 bis 17.00 Uhr<br/><br/>Standort: Empfang;446471,1283;5889084,45
Landwirtschaftskammer Niedersachsen;Mars-la-Tour-Straße;1-3;26121;Oldenburg;Standort: Haupteingang (Treppenhaus Hochparterre)<br/><br/>Der AED ist in der Regel erreichbar von:<br/>Mo. – Do.: 07:30 – 16:00 Uhr<br/>Fr.: 07:30 – 13.30 Uhr;447013,6775;5889365,171
Landwirtschaftskammer Niedersachsen;Mars-la-Tour-Straße;2;26121;Oldenburg;Standort: Hintereingang (Treppenhaus Untergeschoss)<br/><br/>Der AED ist in der Regel erreichbar von:<br/>Mo. – Do.: 07:30 – 16:00 Uhr<br/>Fr.: 07:30 – 13.30 Uhr;447057,3265;5889345,219
Landwirtschaftskammer Niedersachsen;Mars-la-Tour-Straße;6;26121;Oldenburg;Standort: Foyer<br/><br/>Der AED ist in der Regel erreichbar von:<br/>Mo. – Do.: 7:30 – 16:00 Uhr<br/>Fr.: 07:30 – 13:30 Uhr;447032,7544;5889434,733
Landwirtschaftskammer Niedersachsen<br/>Bezirksstelle Oldenburg-Nord;Hermann-Ehlers-Straße;15;26160;Bad Zwischenahn;Standort: Foyer<br/><br/>Der AED ist in der Regel erreichbar von:<br/>Mo. – Do.: 7.30 – 16.00 Uhr<br/>Fr.: 7:30 - 13.00 Uhr;442079,3341;5891769,784
Oldenburger Volksbank Filiale Eversten;Hauptstraße;74;26122;Oldenburg;Der AED ist in der Regel ereichbar von: täglich von 6:00 Uhr bis 23:00 Uhr;446066,3527;5887423,568
Eriksen und Partner GmbH;Cloppenburger Straße;200;26133;Oldenburg;Der AED ist möglicherweise nur während der Betriebs-Öffnungszeiten für Externe erreichbar.;447415,6264;5885834,521
Landesbibliothek Oldenburg;Pferdemarkt ;15;26121;Oldenburg;Der AED ist möglicherweise nur während der Betriebs-Öffnungszeiten für externe erreichbar.<br/><br/>Standort: im LIZ 1 (Auskunftsplatz), nach dem Treppenaufgang rechts;447497,297;5888899,914
Hausarztpraxis Lofruthe;Ofenerdieker Straße;40;26125;Oldenburg;Der AED ist in der Regel erreichbar von:<br/>Mo: 08:00 - 11:30 Uhr und 16:00 - 18:00 Uhr<br/>Di: 08:00 - 11:30 Uhr und 16:00 - 19:00 Uhr<br/>Mi: 08:00 - 12:00 Uhr<br/>Do: 08:00 - 11:30 Uhr und 16:00 - 18:00 Uhr<br/>Fr: 08:00 - 13:00 Uhr;446709,2057;5893526,128
Haus des Hörens;Marie-Curie-Straße;2;26129;Oldenburg;Der AED ist in der Regel erreichbar von:<br/>Mo. - Do.: 08:00 - 17:00 Uhr<br/>Fr.: 08.00 - 14:30 Uhr<br/><br/>Standort: Foyer, Treppenabgang;444308,4921;5889885,964
pronova BKK;Alter Stadthafen;12;26122;Oldenburg;Der AED ist in der Regel erreichbar von:<br/>Mo - Fr 9:00 bis 13:00 Uhr und<br/>Do 9:00 bis 16:00 Uhr;448536,5565;5888306,458
UWE ONKEN GmbH;Schwarzer Weg;29;26215;Wiefelstede, Metjendorf;Der AED ist in der Regel erreichbar von:<br/>Mo. bis Do.: 7:30 - 17:00 Uhr<br/>Fr.: 7:30 - 14:00 Uhr<br/><br/>Standort: unter der Treppe beim Eingang;445344,4506;5893569,87
UWE ONKEN GmbH;Am Patenbusch;8;26125;Oldenburg;Der AED ist in der Regel erreichbar von:<br/>Mo. bis Do.: 7:30 - 17:00 Uhr<br/>Fr.: 7:30 - 14:00 Uhr<br/><br/>Standort: Erste Hilfe Kreuz bei der Kasse;448499,1955;5894101,049
SHI Planungsgesellschaft mbH;Steinkamp;38;26125;Oldenburg;Der AED ist in der Regel erreichbar von:<br/>Mo. - Do.: 8:00 - 17:00 Uhr<br/>Fr.: 8:00 - 14:00 Uhr<br/><br/>Standort: Empfang;448634,5475;5894315,544
Volkswagen Zentrum Oldenburg;Bremer Heerstraße;1;26135;Oldenburg;Der AED ist in der Regel erreichbar von:<br/>Mo. - Fr.: 8:00 - 18:00 Uhr<br/>Sa.: 8:00 - 14:00 Uhr<br/><br/>Standort:<br/>Bereich Kasse, Info an der Wand;448449,4895;5886915,957
Nutzfahrzeug Zentrum Oldenburg;Rudolf-Diesel-Straße;32-38;26135;Oldenburg;Der AED ist in der Regel erreichbar von:<br/>Mo. - Fr.: 8:00 - 18:00 Uhr<br/>Sa.: 8:00 - 14:00 Uhr<br/><br/>Standort:<br/>Verkaufsraum, rechts an der Wand beim Durchgang zur Karosserie ;448390,7672;5886358,467
Hinrichs und Partner Steuerberatungsgesellschaft mbH;Hein-Bredendiek-Straße ;9;26131;Oldenburg;Der AED ist in der Regel erreichbar von:<br/>Mo. - Do. 08.00 - 16:30 Uhr<br/>Freitags geschlossen;444549,1453;5886707,514
Herbartgymnasium;Herbartstraße;4;26122;Oldenburg;Der AED ist in der Regel erreichbar von:<br/>Mo - Fr: 6:45 - 17:00 Uhr (nur außerhalb der Ferienzeiten)<br/><br/>Standort:<br/>1. Zwischengeschoß beim Lehrerzimmer;446920,9983;5888150,8
Stadt Oldenburg, Eigenbetrieb Abfallwirtschaftsbetrieb;Wehdestraße;70;26123;Oldenburg;Der AED ist in der Regel erreichbar von:<br/>Mo - Do: 8:00 - 12:30 Uhr<br/>und 13:30 - 16:00 Uhr<br/>Fr: 8:00 - 12:00 Uhr<br/><br/> Standort:<br/>Verwaltungsgebäude, nahe Kasse ;449268,3245;5888759,396
Stadt Oldenburg, Altes Rathaus;Markt;1;26122;Oldenburg;Der AED ist in der Regel erreichbar von:<br/>Mo - Do: 7:00 - 19:00 Uhr<br/>Fr: 7:00 - 17:30 Uhr<br/><br/>Standort:<br/>EG Eingangsbereich rechts;447430,4012;5888028,268
Stadt Oldenburg, Kulturzentrum PFL;Peterstraße;3;26121;Oldenburg;Der AED ist in der Regel erreichbar von:<br/>Mo. - So.: 9:00 - 20:00 Uhr<br/><br/>Standort:<br/>EG Eingangsbereich rechts;447006,6607;5888450,244
Stadt Oldenburg, Eigenbetrieb Abfallwirtschaftsbetrieb, Wertstoffannahmestelle Barkenweg;Barkenweg;6;26135;Oldenburg;Der AED ist in der Regel erreichbar von:<br/>Mo - Do: 9:00 - 16:30 Uhr<br/>Fr: 9:00 - 17:30 Uhr<br/>Sa: 9:00 - 14:00 Uhr<br/><br/>Standort:<br/>Verwaltungsgebäude, nahe Kasse;452129,1143;5887168,713
Stadt Oldenburg, Neues Rathaus, Bürgerbüro Mitte;Pferdemarkt;14;26121;Oldenburg;Der AED ist in der Regel erreichbar von:<br/>Mo - Do: 6:00 - 18:15 Uhr<br/>Fr: 6:00 - 14:30 Uhr<br/><br/>Standort:<br/>EG Altbau, Flur Eingangsbereich;447400,3215;5888923,525
Horst-Janssen-Museum;Am Stadtmuseum;4-8;26121;Oldenburg;Der AED ist in der Regel erreichbar von:<br/>Di - So: 10.00 - 18.00 Uhr<br/>(außer 01.05., 31.10., 24.12., 25.12., 31.12.)<br/><br/>Standort:<br/>EG Eingangsbereich, links am Treppenabgang;447477,7278;5888614,404
BBS Wechloy;Am Heidbrook;10;26129;Oldenburg;Der AED ist in der Regel erreichbar von:<br/>Mo. - Fr.: 6:30 - 19:30 Uhr<br/>(nur außerhalb der Ferienzeiten)<br/><br/>Standort:<br/>EG Pausenhalle, Haupteingang ;445047,1954;5890777,572
Oberschule Ofenerdiek;Lagerstraße;32;26125;Oldenburg;Der AED ist in der Regel erreichbar von:<br/>Mo - Fr: 7:00 - 18:00 Uhr (nur außerhalb der Ferienzeiten)<br/><br/>Standort:<br/>EG Flur, Eingang Sekretariat<br/>und Flur Sporthalle (nur während Sportbetrieb erreichbar);447113,0741;5893657,271
BBS III;Maastrichter Straße;27;26123;Oldenburg;Der AED ist in der Regel erreichbar von:<br/>Mo und Mi - Fr: 6:45 - 21:00 Uhr<br/>Di: 6:45 - 22:00 Uhr<br/>(nur außerhalb der Ferienzeiten)<br/><br/>Standort:<br/>EG, Eingangsbereich - Nebenraum A001<br/>und 1. OG, Flur, Verwaltung;448723,9505;5888621,359
Stadt Oldenburg, Standesamt;Pferdemarkt ;12;26121;Oldenburg;Der AED ist in der Regel erreichbar von:<br/>Mo - Do: 6:00 - 15:30 Uhr<br/>Fr: 6:00 - 14:45 Uhr<br/><br/>Standort: EG Flur, hinter Info;447299,6179;5888916,678
Stadt Oldenburg, Bürgerbüro Nord;Stiller Weg ;10;26121;Oldenburg;Der AED ist in der Regel erreichbar von:<br/>Mo - Mi: 8:00 - 15:30 Uhr<br/>Do: 8:00 - 18:00 Uhr<br/>Fr: 8:00 - 12:00 Uhr<br/><br/>Standort:<br/>EG Wartebereich;448076,1315;5890741,645
Stadt Oldenburg, Amt für Controlling und Finanzen;Industriestraße;1d;26121;Oldenburg;Der AED ist möglicherweise nur während der Betriebs-Öffnungszeiten für Externe erreichbar.<br/><br/>Standort:<br/>Flur EG, Foyer ;446366,1617;5889257,546
Helene-Lange-Schule;Marschweg;38;26122;Oldenburg;Der AED ist in der Regel erreichbar von:<br/>Mo - Do: 7:00 - 18:00 Uhr<br/>Fr: 7:00 - 16:00 Uhr<br/>(nur außerhalb der Ferienzeiten)<br/><br/>Standort: EG Flur, zur Verwaltung;446629,3249;5887111,936
Stadt Oldenburg, Gartenmeisterei Süd;Sandkruger Straße;26;26133;Oldenburg;Der AED ist möglicherweise nur während der Betriebs-Öffnungszeiten für Externe erreichbar. <br/><br/>Standort: EG Flur, vor dem Krematoriumsofen zur Andachtshalle;446806,8717;5883916,368
Stadt Oldenburg, Zentraler Außendienst und City Wache;Wallstraße;14;26122;Oldenburg;Der AED ist durchgehend erreichbar.<br/><br/>Standort: EG Flur;447134,7271;5888347,559
Waldfriedhof Ofenerdiek;Schafjückenweg;22;26125;Oldenburg;Der AED ist möglicherweise nur während der Betriebs-Öffnungszeiten für Externe erreichbar.<br/><br/>Standort:<br/>EG Flur zur Andachtshalle ;447755,6228;5894169,808
Stadt Oldenburg, Gartenmeisterei Nord;Bürgerbuschweg;70a;26127;Oldenburg;Der AED ist nur während der Betriebs-Öffnungszeiten für Externe erreichbar.<br/><br/>Standort:<br/>EG, Flur Verwaltung;446690,413;5891768,101
Cäcilienschule;Haarenufer;11;26122;Oldenburg;Der AED ist in der Regel erreichbar von:<br/>Mo - Fr: 6:45 - 17:00 Uhr (nur außerhalb der Ferienzeiten)<br/><br/>Standort:<br/>EG, am Fahrstuhlschacht;446749,9262;5888247,899
Stadt Oldenburg, Eigenbetrieb Abfallwirtschaftsbetrieb, Wertstoffannahmestelle Langenweg;Felix-Wankel-Straße;7;26125;Oldenburg;Der AED ist in der Regel erreichbar von:<br/>Mo - Fr: 9.00 - 12.30 Uhr und<br/>13.30 - 16.30 Uhr<br/><br/>Standort:<br/>Verwaltungsgebäude, nahe Kasse;448266,9851;5892951,058
Herbartgymnasium, Außenstelle;Hauptstraße;120;26131;Oldenburg;Der AED ist in der Regel erreichbar von:<br/>Mo - Do: 7:30 - 15:00 Uhr<br/>Fr: 7:30 - 14:00 Uhr<br/>(nur außerhalb der Ferienzeiten)<br/><br/>Standort:<br/>EG Flur zur Verwaltung;445669,3143;5887499,261
BBS Haarentor, Hauptgebäude;Ammerländer Heerstraße;33-39;26129;Oldenburg;Der AED ist in der Regel in der Schulzeit erreichbar von:<br/>Montag bis Freitag: 6.30 bis 19.30 Uhr<br/>und in den Ferien in der Regel von: Montag bis Freitag: 7 bis 15 Uhr<br/><br/>Standort: Hauptgebäude EG Flur Straßenseite;445775,6524;5888666,896
Stadt Oldenburg, Gemeinwesenarbeit Stadtteiltreff Dietrichsfeld;Alexanderstraße;331;26127;Oldenburg;Der AED ist möglicherweise nur während der Betriebs-Öffnungszeiten für Externe erreichbar.<br/><br/>Standort:, 1. OG Flur, neben Eingangstür;446306,5108;5891410,337
Stadt Oldenburg, Jugend- und Schulamt;Bergstraße;25;26122;Oldenburg;Der AED ist möglicherweise nur während der Betriebs-Öffnungszeiten für Externe erreichbar.<br/><br/>Standort: Flur EG, nahe Info;447347,754;5888071,542
Stadt Oldenburg, Eigenbetrieb Abfallwirtschaftsbetrieb, Mechanische Aufbereitungsanlage;Barkenweg;3;26135;Oldenburg;Der AED ist in der Regel erreichbar von:<br/>Mo - Do: 9:00 - 12:45 Uhr und<br/>13:30 - 16:30 Uhr<br/>Fr: 9:00 - 12:45 Uhr und<br/>13:30 - 17:30 Uhr<br/>Standort:<br/>Verwaltungsgebäude, nahe Kasse;452307,2598;5887117,278
Stadt Oldenburg, Amt für Zuwanderung und Integration;Bloherfelder Straße;39;26129;Oldenburg;Der AED ist möglicherweise nur während der Betriebs-Öffnungszeiten für Externe erreichbar.<br/><br/>Standort:<br/>2. OG Flur, neben Büro 2.08 ;445632,9727;5888323,759
Stadt Oldenburg, Gemeinwesenarbeit Rennplatz;Kurlandallee ;4;26125;Oldenburg;Der AED ist in der Regel erreichbar von:<br/>Mo - Do: 10:00 - 12:00 Uhr<br/>Mo, Di und Do: 15:00 - 18:00 Uhr<br/>Mi: 15:00 - 21:00 Uhr<br/>Fr: 14:30 - 16:30 Uhr<br/><br/>Standort:<br/>EG Küchenbereich;449029,7404;5891261,632
Stadt Oldenburg, Gemeinwesenarbeit Bloherfelde/Eversten;Bloherfelder Straße;173;26129;Oldenburg;Der AED ist möglicherweise nur während der Betriebs-Öffnungszeiten für Externe erreichbar.Standort:<br/>EG Flur Kinderbetreuung ;444096,9917;5888288,652
Stadt Oldenburg, Eigenbetrieb Gebäudewirtschaft und Hochbau;Marschweg;25;26122;Oldenburg;Der AED ist möglicherweise nur während der Betriebs-Öffnungszeiten für Externe erreichbar.<br/><br/>Standort: Eingang Wohnhaus, Lagerraum;446802,676;5887078,725
Stadt Oldenburg, Jugendgerichtshilfe;Stau;73;26122;Oldenburg;Der AED ist möglicherweise nur während der Betriebs-Öffnungszeiten für Externe erreichbar.<br/><br/>Standort: 2. OG, Flur Mitte (Betreuungsstelle/Personalrat);448144,6553;5888313,309
"Johanniter-Tagespflege ""Am Bürgerbusch""";Scheideweg;227;26127;Oldenburg;Der AED ist in der Regel erreichbar von:<br/>Mo. - Fr.: 8:00 - 16:00 Uhr;446900,3572;5892236,969
Oldenburgische Landesbank AG;Gottorpstraße;23-27;26122;Oldenburg;Der AED ist möglicherweise nur während der Betriebs-Öffnungszeiten für Externe erreichbar.;447684,3839;5888302,928
Oldenburgische Landesbank AG;Stau;17;26122;Oldenburg;Der AED ist möglicherweise nur während der Betriebs-Öffnungszeiten für Externe erreichbar.;447770,63;5888218,308
TherAktiv;Bollmannsweg;33;26125;Oldenburg;Der AED ist nur während der Öffnungszeiten für Externe erreichbar.;448130,6136;5893419,596
OFFIS e. V.;Escherweg;2;26121;Oldenburg;In der Regel sind Mo. bis Fr. in der Zeit von 8:00 bis 17:00 Uhr Mitarbeiter*innen am Standort anzutreffen und könnten im Notfall Hilfe leisten bzw. den Zugang zum Defibrillator ermöglichen.;446503,0513;5889115,592
OFFIS e. V.;Industriestraße;6;26121;Oldenburg;In der Regel sind Mo. bis Fr. in der Zeit von 8:00 bis 17:00 Uhr Mitarbeiter*innen am Standort anzutreffen und könnten im Notfall Hilfe leisten bzw. den Zugang zum Defibrillator ermöglichen.;446534,5536;5889234,579
METRO Deutschland GmbH;An der Schmiede;1;26135;Oldenburg;Der AED ist in der Regel erreichbar von:<br/>Mo. bis Fr. 7:00 bis 21:30 Uhr und<br/>Sa. von 7:00 bis 19:30 Uhr<br/><br/>Standort: Betriebsleiterbüro im Markt;450991,5602;5884587,764
Bundestechnologiezentrum für Elektro- und Informationstechnik e. V.;Donnerschweer Straße;184;26123;Oldenburg;Der AED ist in der Regel erreichbar von:<br/>Mo. bis Do. von 7:30 bis 16:00 Uhr und<br/>Fr. von 7:30 bis 15:00 Uhr<br/>Außer in den Ferien!<br/><br/>Standort: Windfang;448693,5147;5889193,855
WE-Druck GmbH & Co. KG;Wilhelmshavener Heerstraße;270;26125;Oldenburg;Der AED ist in der Regel erreichbar von:<br/>08:00 bis 02:00 Uhr (außer samstags!)<br/><br/>Standort: Versandschichtleiterbüro;448460,7067;5893446,782
Oldenburger Volksbank Hauptstelle Lange Straße;Lange Straße;8-9;26122;Oldenburg;Der AED ist in der Regel erreichbar von:<br/>Mo. bis Mi.<br/>09:00-12:00 Uhr, 14:00-17:00 Uhr<br/>Do. 09:00-12:00, 14:00-18:00 Uhr<br/>Fr. 09:00-12:00 Uhr;447397,6813;5888417,824
Verwaltungsgericht - Hauptstelle;Schlossplatz;10;26122;Oldenburg;Der AED ist in der Regel erreichbar von:<br/>Mo. bis Do.: 8:00 - 15:30 Uhr<br/>Fr.: 8:00 - 12:00 Uhr<br/><br/>Standort: Zimmer 1;447488,4043;5887915,25
INTAX Innovative Fahrzeuglösungen GmbH;Friedrich-Wilhelm-Deus-Straße;3;26135;Oldenburg;Der AED ist in der Regel erreichbar von:<br/>Mo. - Do.: 8:00 - 17:00 Uhr<br/>Fr.: 8:00 - 15:00 Uhr;449875,0304;5884475,175
Sportfischerverein Oldenburg;Lehmplacken;9;26135;Oldenburg;Der AED ist in der Regel erreichbar am:<br/>Montag:<br/>13:00 - 18:00 Uhr (01.11. - 31.03.)<br/>15:00 - 20:00 Uhr (01.04. - 31.10.)<br/>Dienstag - Freitag:<br/>9:00 - 14:00 Uhr<br/><br/>Standort:<br/>Flur der Geschäftsstelle, offener Schrank unteres Fach;450809,7355;5885322,438
Sportpark Osternburg;Gerhard-Stalling-Straße;22;26135;Oldenburg;Der AED ist in der Regel nur während des Trainings- und Spielbetriebs für Externe erreichbar.<br/><br/>Standort: Zugang Halle 2/Eingang GVO Treff (Vereinsheim);450004,7509;5885304,349
Vierol AG, Logistikzentrum;Handelshof;1;26180;Rastede;Der AED ist nur während der Öffnungszeiten für Externe erreichbar. ;449505,6796;5896713,458
Vierol AG, Hauptverwaltung;Karlstraße;19;26123;Oldenburg;Der AED ist nur während der Öffnungszeiten für Externe erreichbar. ;448014,6027;5888781,411
Dorfgemeinschaft Bunker Club Bornhorst e. V.;Klein-Bornhorster-Straße;22;26125;Oldenburg;Der AED befindet sich genau gegenüber vom Storchennest (Borni).<br/> In der Regel ist der AED für jeden jederzeit zugänglich.;451575,1764;5891135,164
Öffentliche Versicherungen Oldenburg;Osterstraße;11-13;26122;Oldenburg;Hinweis:<br/>Der AED ist nicht frei zugänglich.<br/>Personen, die den AED benötigen, müssen klingeln.<br/><br/>In der Regel sind die Mitarbeiter erreichbar von:<br/>Mo. - Do.: 08:00 - 16:30 Uhr und Fr.: 08:00 - 15:30 Uhr;447594,679;5888486,362
VWG Kundencenter;Staulinie;1;26122;Oldenburg;Der AED ist in der Regel für Externe erreichbar von:<br/>Mo. - Fr.: 9:00 - 18:00 Uhr<br/>Sa.: 10:00 - 14:00 Uhr ;447424,0857;5888456,25
TuS Bloherfelde;Brandsweg;56;26131;Oldenburg;"Der AED ist in der Regel für Externe zu den Bürozeiten erreichbar von:<br/>Mo. und Do.: 9:00 -12:30 Uhr
Di. und Do.: 17:30 - 19:30 Uhr<br/><br/>Die zeitliche Erreichbarkeit variiert ansonsten je nach Sportbetrieb und kann mit Unterbrechungen Mo-Fr 9-22 Uhr sein, am Wochenende je nach Veranstaltungen, Samstag-Vormittag von 10-13.30 Uhr
<br/><br/>Standort: Eingangsbereich gegenüber dem Abenteuerspielplatz, im Gebäude dann links auf der Empore";444631,7749;5887978,981
Generalstaatsanwaltschaft Oldenburg;Mozartstraße;5;26135;Oldenburg;Der AED ist in der Regel erreichbar von:<br/>Mo - Do: 9:00 bis 12:00 Uhr und 14:00 - 15:30 Uhr<br/><br/>Freitags,<br/>an Arbeitstagen vor Feiertagen<br/> sowie am 23.12. und 30.12.<br/>9:00 - 12:00 Uhr<br/><br/>Standort:<br/>auf dem Flur im 2. Obergeschoss;447425,5218;5887453,598
Stadt Oldenburg, Amt für Umweltschutz und Bauordnung;Industriestraße;1h;26121;Oldenburg;Der AED ist möglicherweise nur während der Betriebs-Öffnungszeiten für Externe erreichbar.<br/><br/>Standort: EG Foyer/Wartebereich;446415,777;5889152,251
Stadt Oldenburg, Verwaltung Projekt Fliegerhorst Gebäude 54;Clara-Grunwald-Straße;;26127;Oldenburg;Der AED ist möglicherweise nur während der Betriebs-Öffnungszeiten für Externe erreichbar.<br/>Standort: Flur Eingang Gebäude;445574,7764;5891757,62
Stadt Oldenburg, Fachstelle Eingliederungshilfe, ASD Team West;Bloherfelder Straße;196;26129;Oldenburg;Der AED ist möglicherweise nur während der Betriebs-Öffnungszeiten für Externe erreichbar.<br/><br/>Standort: 1. OG, Flur gegenüber Fahrstuhl;443832,2591;5888331,663
Ford Brau;Hauptstraße;41-45;26131;Oldenburg;Der AED ist in der Regel erreichbar von:<br/>Mo. - Fr.: 7:30 - 18:00 Uhr<br/>Sa.: 8:00 - 12:30 Uhr<br/><br/>Standort: im hinteren Servicegebäude;446300,6101;5887315,701
Stadt Oldenburg, Amt für Personal- und Verwaltungsmanagement;Markt;20-21;26122;Oldenburg;Der AED ist möglicherweise nur während der Betriebs-Öffnungszeiten für Externe erreichbar.<br/><br/>Standort:<br/>Zwischenflur, 1. OG, Nähe WC;447401,3479;5887992,585
Handwerkskammer;Theaterwall;32;26122;Oldenburg;Der AED ist möglicherweise nur während der Betriebs-Öffnungszeiten für Externe erreichbar.;447126,7185;5888147,36
Landesmuseum Natur und Mensch Oldenburg;Damm;38-46;26135;Oldenburg;Der AED ist in der Regel erreichbar von:<br/>Die. - Fr. 9:00 - 17:00 Uhr<br/>Sa. und So. 10:00 - 18:00 Uhr<br/>Mo. nicht zugänglich<br/>An Feiertagen können die Zeiten der Erreichbarkeit abweichen!<br/><br/>Standort:<br/>Rechts vom Empfang an der Wand;447754,6947;5887443,392
Pickel Energie;Werrastraße;12;26135;Oldenburg;Der AED ist in der Regel Montag bis Freitag erreichbar von 7:30 - 16:30 Uhr.;450514,3963;5888470,614
AOK Niedersachsen, Servicezentrum Oldenburg;Gartenstraße;10;26122;Oldenburg;Der AED ist in der Regel erreichbar von:<br/>Montag bis Dienstag: 9 bis 17 Uhr<br/>Mittwoch: 9 bis 13 Uhr<br/>Donnerstag: 9 bis 18 Uhr<br/>Freitag: 9 bis 13 Uhr;447191,7288;5887707,845
Cafe CaRo;Heiligengeiststraße;19;26121;Oldenburg;Der AED ist möglicherweise nur während der Betriebs-Öffnungszeiten für Externe erreichbar. ;447452,9045;5889007,14
Stadt Oldenburg, Gemeinwesenarbeit Stadtteiltreff Kreyenbrück;Alter Postweg;1;26133;Oldenburg;Der AED ist möglicherweise nur während der Betriebs-Öffnungszeiten für Externe erreichbar.<br/><br/>Erdgeschoss Flur Eingangsbereich;447209,7261;5884659,615
Johanniter-Unfall-Hilfe e. V. Ortsverband Oldenburg;Ammerländer Heerstraße ;260;26129;Oldenburg;Der AED ist in der Regel erreichbar von:<br/>Mo. - Fr. 08:00 - 16:00 Uhr;444600,9921;5889921,04
Johanniter-Akademie Campus Oldenburg;Jägerstraße;64-66;26121;Oldenburg;Der AED ist in der Regel erreichbar von:<br/>Mo. - Fr. 08:00 - 16:00 Uhr;446150,247;5889412,547
Oldenburger Volksbank Filiale Alexanderstraße;Alexanderstraße;89;26121;Oldenburg;Der AED ist in der Regel ereichbar von: täglich von 6:00 Uhr bis 23:00 Uhr;447177,7533;5889704,514
Bahnhofsmission Oldenburg;Bahnhofsplatz;12;26122;Oldenburg;Der AED ist in der Regel erreichbar von:<br/>Montag bis Freitag: 9 bis 13.30 Uhr<br/><br/>Standort: Hauptbahnhof am Aufgang zum Gleis 1;447996,8478;5888569,751
LUFA Nord-West;Ammerländer Heerstraße;115-117;26129;Oldenburg;Der AED ist möglicherweise nur während der Betriebs-Öffnungszeiten für Externe erreichbar.;445241,7757;5889114,156
Gemeindehaus „Jochen-Klepper-Haus“ der Ev.-Luth. Kirchengemeinde Osternburg;Lustgarten;10;26135;Oldenburg;"Der AED ist in der Regel erreichbar von:<br/>Montag-Donnerstag  9 - 12 Uhr<br/>Donnerstag zusätzlich 14 – 16 Uhr
<br/><br/>Standort: Foyer";447996,343;5886952,088
ise Individuelle Software und Elektronik GmbH;Osterstraße;15;26122;Oldenburg;Der AED ist in der Regel erreichbar von:<br/>Mo - Do: 08:00 - 16:00 Uhr und<br/>Fr: 08:00 – 14:00 Uhr<br/>Personen, die den AED benötigen, müssen klingeln.<br/>Standort: Haupteingang Osterstraße, EG rechts neben Aufzug;447648,1817;5888538,855
Augenarzt Andreas Cepin;Ofenerdiekerstraße;48;26125;Oldenburg;Der AED ist möglicherweise nur während der Betriebs-Öffnungszeiten für Externe erreichbar.<br/><br/>Standort: Empfang;446721,5235;5893579,201
LzO-Filiale Bürgerfelde;Alexanderstraße;336;26127;Oldenburg;Der AED ist in der Regel erreichbar von:<br/>täglich von 06:00 - 23:00 Uhr<br/><br/>Standort: Foyer;446311,0925;5891481,213
Schützenverein Etzhorn;Wilhelmshavener Heerstraße;359a;26125;Oldenburg;Der AED ist in der Regel erreichbar von:<br/>Mo - Fr: 17:30 bis 21:00 Uhr, darüber hinaus auch zu nicht geplanten Zeiten;448215,1947;5894130,387
Ev. Familien-Bildungsstätte;Gorch-Fock-Straße;5a;26135;Oldenburg;Der AED ist in der Regel erreichbar von:<br/>Mo. - Sa. 07:00 - 22:00 Uhr<br/>So geschlossen<br/><br/>Standort: 1. Stock (im Treppenhaus);447877,0629;5886991,783
BBS Haarentor, Hofgebäude;Ammerländer Heerstraße;33-39;26129;Oldenburg;Der AED ist in der Regel in der Schulzeit erreichbar von:<br/>Mo - Fr: 6:30 - 19:30 Uhr<br/>und in den Ferien in der Regel von: Mo - Fr: 7:00 - 15:00 Uhr<br/><br/>Standort: Haupteingang Hofgebäude EG Pausenhalle;445731,4892;5888617,185
DRK-Landesverband Oldenburg e.V.;Maria-von-Jever-Straße;2;26125;Oldenburg;Der AED ist in der Regel erreichbar von:<br/>Mo. - Do.: 8:00 - 17:00 Uhr<br/>Fr.: 8:00 - 14:00 Uhr<br/><br/>Standort:<br/>Garderobe, direkt hinter dem Haupteingang links;448615,2961;5893671,508
Braasch GmbH & Co. KG (Seat / Cupra);Bremer Heerstraße;1;26135;Oldenburg;Der AED ist in der Regel erreichbar von:<br/>Mo. - Fr.: 8:00 - 18:00 Uhr<br/>Sa.: 8:00 - 14:00 Uhr<br/><br/>Standort: Verkaufsraum, rechts an der Wand beim Ausgang Hinterhof;448424,6488;5886924,502
Diabetes- und Hausarztpraxis Dr. Fels und Dr. Mandon;Prinzessinweg;40;26122;Oldenburg;Der AED ist nur während der Öffnungszeiten für Externe erreichbar.;445938,6668;5888198,732
Gemeinde-Unfallversicherungsverband;Gartenstraße;9;26122;Oldenburg;Der AED ist in der Regel erreichbar von:<br/>Mo. - Do.: 8:00 - 16:00 Uhr<br/>Fr.: 8:00 - 12:00 Uhr<br/><br/>Standort: Haupteingang, an der Anmeldung;447232,845;5887708,641
GVO Oldenburg e.V.;Uhlenweg;6;26135;Oldenburg;Der AED ist in der Regel nur während des Trainings- und Spielbetriebs für Externe erreichbar.;449352,315;5886415,803
